time,THI
2017/7/1,73.94602286
2017/7/2,73.65877429
2017/7/3,66.43797714
2017/7/4,69.98743857
2017/7/5,69.56335429
2017/7/6,68.99259714
2017/7/7,71.14919857
2017/7/8,72.93731857
2017/7/9,72.45246429
2017/7/10,74.19699714
2017/7/11,75.13010286
2017/7/12,77.26512429
2017/7/13,77.17345571
2017/7/14,76.88819143
2017/7/15,73.92321714
2017/7/16,74.18821
2017/7/17,75.6641
2017/7/18,76.84956714
2017/7/19,78.16924857
2017/7/20,76.09336571
2017/7/21,76.44872143
2017/7/22,73.79314429
2017/7/23,75.28020429
2017/7/24,71.74763143
2017/7/25,74.68884286
2017/7/26,70.46090571
2017/7/27,63.80086857
2017/7/28,64.45194143
2017/7/29,67.62729714
2017/7/30,69.78959714
2017/7/31,72.90517
2017/8/1,69.07794714
2017/8/2,70.22775286
2017/8/3,71.4092
2017/8/4,71.08766286
2017/8/5,72.80494286
2017/8/6,71.95420286
2017/8/7,69.54571571
2017/8/8,70.85485
2017/8/9,70.69437
2017/8/10,71.58382286
2017/8/11,71.56477143
2017/8/12,70.51547571
2017/8/13,72.41189
2017/8/14,71.16166286
2017/8/15,73.35743
2017/8/16,74.12183143
2017/8/17,75.80897714
2017/8/18,74.54171571
2017/8/19,74.02106
2017/8/20,64.19331857
2017/8/21,63.70525857
2017/8/22,62.20949429
2017/8/23,62.87273143
2017/8/24,62.99200286
2017/8/25,62.00091143
2017/8/26,56.63734857
2017/8/27,60.81159
2017/8/28,62.41831286
2017/8/29,58.65693857
2017/8/30,63.44856
2017/8/31,64.86665857
2017/9/1,65.13746
2017/9/2,66.67459714
2017/9/3,69.62405714
2017/9/4,66.61028571
2017/9/5,63.74052429
2017/9/6,63.28916143
2017/9/7,69.23063143
2017/9/8,69.22005857
2017/9/9,65.16378857
2017/9/10,62.74807429
2017/9/11,65.28044714
2017/9/12,68.83562571
2017/9/13,67.61436429
2017/9/14,64.45814857
2017/9/15,64.74444571
2017/9/16,68.00977286
2017/9/17,65.90529429
2017/9/18,65.44071286
2017/9/19,65.47965429
2017/9/20,63.87487286
2017/9/21,64.97098286
2017/9/22,61.88207
2017/9/23,65.48148571
2017/9/24,67.77124286
2017/9/25,69.25922571
2017/9/26,57.82893143
2017/9/27,62.51155
2017/9/28,58.50663857
2017/9/29,61.00390857
2017/9/30,65.57726714
2017/10/1,61.95835857
2017/10/2,53.93226286
2017/10/3,53.52527143
2017/10/4,57.02096857
2017/10/5,58.67911571
2017/10/6,57.88923714
2017/10/7,61.41234
2017/10/8,51.71171429
2017/10/9,36.24589143
2017/10/10,42.65148857
2017/10/11,43.78686714
2017/10/12,48.54373857
2017/10/13,49.93462286
2017/10/14,51.60262429
2017/10/15,55.00912857
2017/10/16,53.36506429
2017/10/17,51.17851
2017/10/18,52.48602
2017/10/19,53.68120143
2017/10/20,54.28889143
2017/10/21,54.15403286
2017/10/22,49.82947286
2017/10/23,54.29509
2017/10/24,54.95279714
2017/10/25,54.09872286
2017/10/26,51.77062571
2017/10/27,51.12883143
2017/10/28,51.802
2017/10/29,45.49196143
2017/10/30,46.66325286
2017/10/31,51.97016143
2017/11/1,49.29612286
2017/11/2,54.88883571
2017/11/3,52.08907571
2017/11/4,51.85382571
2017/11/5,54.11518286
2017/11/6,51.63329143
2017/11/7,49.43689
2017/11/8,49.41675
2017/11/9,49.52671571
2017/11/10,44.47658714
2017/11/11,45.56114429
2017/11/12,49.26860714
2017/11/13,46.21789857
2017/11/14,41.35468857
2017/11/15,41.37203286
2017/11/16,43.82532
2017/11/17,43.12563571
2017/11/18,39.07837714
2017/11/19,43.98158714
2017/11/20,40.25462429
2017/11/21,41.71520429
2017/11/22,38.49770286
2017/11/23,40.02467
2017/11/24,38.91612
2017/11/25,43.9391
2017/11/26,41.23520286
2017/11/27,43.34796714
2017/11/28,42.21342143
2017/11/29,39.06694143
2017/11/30,36.13048714
2017/12/1,35.41741571
2017/12/2,39.47533571
2017/12/3,42.11565429
2017/12/4,36.40836714
2017/12/5,33.73715714
2017/12/6,38.70318143
2017/12/7,35.73612429
2017/12/8,32.30038857
2017/12/9,34.14070857
2017/12/10,35.33289
2017/12/11,34.50443143
2017/12/12,36.41134429
2017/12/13,31.88062286
2017/12/14,33.50325571
2017/12/15,35.67547286
2017/12/16,30.92710571
2017/12/17,32.48435714
2017/12/18,33.96285
2017/12/19,36.47758429
2017/12/20,36.09286286
2017/12/21,35.69676857
2017/12/22,40.07549429
2017/12/23,39.25145571
2017/12/24,36.61331286
2017/12/25,37.46197429
2017/12/26,36.77882714
2017/12/27,38.32077714
2017/12/28,37.80195714
2017/12/29,40.57681857
2017/12/30,36.34509
2017/12/31,35.05065857
2018/1/1,37.59191857
2018/1/2,34.34270714
2018/1/3,25.79467143
2018/1/4,25.78444143
2018/1/5,29.58698286
2018/1/6,25.31155286
2018/1/7,23.31399143
2018/1/8,31.91020857
2018/1/9,31.30128857
2018/1/10,32.88974143
2018/1/11,33.36691286
2018/1/12,30.67546286
2018/1/13,31.89288143
2018/1/14,34.69804429
2018/1/15,37.64339857
2018/1/16,45.56313571
2018/1/17,35.95332571
2018/1/18,36.3391
2018/1/19,37.25677857
2018/1/20,40.27662571
2018/1/21,41.26181143
2018/1/22,39.10502571
2018/1/23,26.41127429
2018/1/24,30.26943429
2018/1/25,31.68674714
2018/1/26,29.96277
2018/1/27,27.40355
2018/1/28,17.96558714
2018/1/29,20.61486857
2018/1/30,29.06189571
2018/1/31,28.79116286
2018/2/1,31.94056571
2018/2/2,27.67482429
2018/2/3,28.69979143
2018/2/4,28.18816571
2018/2/5,32.67416143
2018/2/6,35.38209286
2018/2/7,34.87152714
2018/2/8,37.46975429
2018/2/9,37.85757143
2018/2/10,36.09934143
2018/2/11,34.64253429
2018/2/12,37.7523
2018/2/13,41.77724714
2018/2/14,44.75220286
2018/2/15,41.40455286
2018/2/16,43.62666429
2018/2/17,42.38339857
2018/2/18,43.01289571
2018/2/19,42.20397714
2018/2/20,30.84109143
2018/2/21,34.60412571
2018/2/22,41.13133571
2018/2/23,42.97873143
2018/2/24,43.01064571
2018/2/25,46.67469857
2018/2/26,48.07924857
2018/2/27,49.69477714
2018/2/28,48.97218714
2018/3/1,48.04660429
2018/3/2,51.43383714
2018/3/3,51.80993429
2018/3/4,51.31343286
2018/3/5,49.04371143
2018/3/6,49.41989857
2018/3/7,50.04811857
2018/3/8,45.80808714
2018/3/9,47.87679429
2018/3/10,50.38832857
2018/3/11,56.16853857
2018/3/12,54.89697571
2018/3/13,57.24379143
2018/3/14,61.0879
2018/3/15,49.83672429
2018/3/16,52.58024571
2018/3/17,53.59698857
2018/3/18,51.15814143
2018/3/19,49.67118714
2018/3/20,48.13096
2018/3/21,50.29478714
2018/3/22,53.84179286
2018/3/23,55.41504714
2018/3/24,54.31907429
2018/3/25,59.20852714
2018/3/26,58.72412286
2018/3/27,59.47811143
2018/3/28,59.96835
2018/3/29,62.89171571
2018/3/30,61.17794571
2018/3/31,58.95649857
2018/4/1,60.89666857
2018/4/2,62.63339286
2018/4/3,58.30989286
2018/4/4,55.99498
2018/4/5,50.31099857
2018/4/6,47.60822857
2018/4/7,51.25475429
2018/4/8,55.86533143
2018/4/9,58.14629571
2018/4/10,58.92323857
2018/4/11,57.36114
2018/4/12,54.99996571
2018/4/13,50.62278286
2018/4/14,51.54786143
2018/4/15,53.88739714
2018/4/16,55.73197714
2018/4/17,61.77789429
2018/4/18,66.82255143
2018/4/19,67.82163429
2018/4/20,64.25722286
2018/4/21,61.07786857
2018/4/22,62.45644286
2018/4/23,52.82463286
2018/4/24,52.52026286
2018/4/25,57.56814143
2018/4/26,61.43376
2018/4/27,63.54621857
2018/4/28,65.57422429
2018/4/29,63.85601857
2018/4/30,61.98589571
2018/5/1,59.60388714
2018/5/2,57.31187571
2018/5/3,63.91518286
2018/5/4,67.44425
2018/5/5,60.50611429
2018/5/6,59.50960429
2018/5/7,63.35475714
2018/5/8,64.38822429
2018/5/9,62.15278286
2018/5/10,55.66087857
2018/5/11,58.93547143
2018/5/12,64.64847429
2018/5/13,69.39283571
2018/5/14,72.32161714
2018/5/15,71.74894143
2018/5/16,68.54080429
2018/5/17,67.10008143
2018/5/18,68.70154571
2018/5/19,62.32175857
2018/5/20,65.16277714
2018/5/21,59.51212429
2018/5/22,58.85339143
2018/5/23,63.65350714
2018/5/24,67.15815286
2018/5/25,66.24490429
2018/5/26,59.24675571
2018/5/27,63.34173
2018/5/28,64.58679143
2018/5/29,65.33449857
2018/5/30,66.08637143
2018/5/31,68.88103429
2018/6/1,68.43856286
2018/6/2,68.09651429
2018/6/3,65.21818
2018/6/4,64.99299286
2018/6/5,69.72228143
2018/6/6,67.07776
2018/6/7,63.69436571
2018/6/8,64.99689714
2018/6/9,65.59676286
2018/6/10,67.18997571
2018/6/11,69.80028429
2018/6/12,69.51532286
2018/6/13,69.54502429
2018/6/14,69.51862429
2018/6/15,71.99879143
2018/6/16,69.30748714
2018/6/17,67.37822
2018/6/18,70.25941857
2018/6/19,70.12564571
2018/6/20,73.40978286
2018/6/21,73.13058286
2018/6/22,74.36323714
2018/6/23,76.15489429
2018/6/24,70.95604286
2018/6/25,72.54597
2018/6/26,73.22337714
2018/6/27,74.02746
2018/6/28,72.63991286
2018/6/29,72.27037571
2018/6/30,74.61762714
2018/7/1,69.52268714
2018/7/2,69.46217714
2018/7/3,68.22766714
2018/7/4,69.17547714
2018/7/5,71.60673286
2018/7/6,72.24242286
2018/7/7,70.92997286
2018/7/8,68.90792714
2018/7/9,70.88137
2018/7/10,68.81590143
2018/7/11,70.15917571
2018/7/12,74.6416
2018/7/13,75.99363571
2018/7/14,75.96650429
2018/7/15,72.50945143
2018/7/16,75.15313
2018/7/17,77.19942
2018/7/18,76.94696571
2018/7/19,76.04523857
2018/7/20,68.03693143
2018/7/21,68.69302
2018/7/22,74.95241714
2018/7/23,70.36780571
2018/7/24,71.04112286
2018/7/25,74.00868571
2018/7/26,76.97772286
2018/7/27,77.46577857
2018/7/28,76.99662857
2018/7/29,75.19754
2018/7/30,77.67859714
2018/7/31,74.65495286
2018/8/1,75.41705143
2018/8/2,75.70623714
2018/8/3,74.18457571
2018/8/4,76.89342286
2018/8/5,76.28100143
2018/8/6,75.17684429
2018/8/7,73.02115714
2018/8/8,73.50749
2018/8/9,75.35470857
2018/8/10,72.45907714
2018/8/11,72.30962
2018/8/12,72.27587429
2018/8/13,73.73671143
2018/8/14,73.71922714
2018/8/15,74.34443429
2018/8/16,68.16222
2018/8/17,66.92722714
2018/8/18,69.55814714
2018/8/19,73.52576286
2018/8/20,72.37897857
2018/8/21,64.10876429
2018/8/22,65.49776857
2018/8/23,68.16530429
2018/8/24,69.52133857
2018/8/25,68.94774143
2018/8/26,69.92172714
2018/8/27,72.26081
2018/8/28,70.84604857
2018/8/29,72.45309857
2018/8/30,68.66041286
2018/8/31,68.29587
2018/9/1,67.21115714
2018/9/2,66.26469857
2018/9/3,64.38030143
2018/9/4,63.64789429
2018/9/5,66.07457286
2018/9/6,62.17739714
2018/9/7,57.89999714
2018/9/8,60.34481714
2018/9/9,59.53952857
2018/9/10,62.57874571
2018/9/11,64.84162714
2018/9/12,65.15934714
2018/9/13,66.02780714
2018/9/14,61.91802143
2018/9/15,53.75725429
2018/9/16,56.97711714
2018/9/17,56.99046
2018/9/18,59.11108286
2018/9/19,62.13666857
2018/9/20,63.12254429
2018/9/21,59.17362571
2018/9/22,56.89548429
2018/9/23,57.62486286
2018/9/24,61.34014286
2018/9/25,63.54035286
2018/9/26,62.98569143
2018/9/27,59.04114
2018/9/28,56.47154714
2018/9/29,57.89342143
2018/9/30,54.66719286
2018/10/1,51.89401714
2018/10/2,52.97869143
2018/10/3,54.6125
2018/10/4,57.57124857
2018/10/5,57.44943857
2018/10/6,51.44306286
2018/10/7,49.94592429
2018/10/8,53.17975143
2018/10/9,49.71315
2018/10/10,48.32003143
2018/10/11,51.99193714
2018/10/12,52.09439857
2018/10/13,53.50680286
2018/10/14,55.33802714
2018/10/15,52.10110857
2018/10/16,55.72765
2018/10/17,55.88165286
2018/10/18,52.53773
2018/10/19,52.472772
2018/10/20,51.84595143
2018/10/21,53.08489429
2018/10/22,52.01309
2018/10/23,48.55762714
2018/10/24,51.51449286
2018/10/25,53.35797
2018/10/26,47.79311857
2018/10/27,47.78337571
2018/10/28,51.56097286
2018/10/29,51.50909857
2018/10/30,51.45408143
2018/10/31,50.04644571
2018/11/1,50.83854286
2018/11/2,56.05534857
2018/11/3,46.70605143
2018/11/4,44.43978571
2018/11/5,45.72845143
2018/11/6,45.15612857
2018/11/7,46.43872286
2018/11/8,46.06907857
2018/11/9,45.87085143
2018/11/10,48.39548143
2018/11/11,43.51389429
2018/11/12,44.55359857
2018/11/13,46.80461286
2018/11/14,45.98326143
2018/11/15,38.70185
2018/11/16,30.97431
2018/11/17,32.45892857
2018/11/18,39.49576857
2018/11/19,39.11086714
2018/11/20,39.79191143
2018/11/21,37.97370286
2018/11/22,38.70363429
2018/11/23,39.97644429
2018/11/24,43.19545571
2018/11/25,44.37221
2018/11/26,46.26233714
2018/11/27,40.11025571
2018/11/28,42.49674857
2018/11/29,41.24345143
2018/11/30,45.40693571
2018/12/1,49.38767429
2018/12/2,42.65144429
2018/12/3,36.44198429
2018/12/4,31.69700429
2018/12/5,34.67659714
2018/12/6,31.64346286
2018/12/7,26.69960857
2018/12/8,25.27963
2018/12/9,26.64613286
2018/12/10,29.80900429
2018/12/11,28.46265714
2018/12/12,29.17998714
2018/12/13,33.15131571
2018/12/14,32.51575571
2018/12/15,36.25945571
2018/12/16,39.28876714
2018/12/17,38.02322429
2018/12/18,38.82793857
2018/12/19,38.47142429
2018/12/20,38.42786143
2018/12/21,35.24364857
2018/12/22,32.50035429
2018/12/23,27.16988143
2018/12/24,31.27449571
2018/12/25,37.08617143
2018/12/26,33.52415143
2018/12/27,27.33019714
2018/12/28,29.26160571
2018/12/29,28.53360857
2018/12/30,29.00132571
2018/12/31,30.81923143
2019/1/1,27.57806286
2019/1/2,31.80271143
2019/1/3,29.96736286
2019/1/4,28.44743143
2019/1/5,32.42456
2019/1/6,36.40400429
2019/1/7,36.08091
2019/1/8,29.94170571
2019/1/9,31.85847714
2019/1/10,29.95549143
2019/1/11,26.36029571
2019/1/12,36.10588286
2019/1/13,33.27236714
2019/1/14,36.07683571
2019/1/15,30.85191857
2019/1/16,29.42706
2019/1/17,31.32370571
2019/1/18,38.04739
2019/1/19,33.91276571
2019/1/20,31.57374429
2019/1/21,33.03715
2019/1/22,31.69937143
2019/1/23,36.20828857
2019/1/24,38.35315714
2019/1/25,36.95316429
2019/1/26,37.05341714
2019/1/27,38.75946143
2019/1/28,34.67911857
2019/1/29,41.4161
2019/1/30,31.86800429
2019/1/31,25.09439571
2019/2/1,31.72135857
2019/2/2,38.97209286
2019/2/3,36.20699857
2019/2/4,40.42047857
2019/2/5,42.91346571
2019/2/6,43.56373429
2019/2/7,31.63567
2019/2/8,36.86271857
2019/2/9,33.53229857
2019/2/10,35.69652
2019/2/11,36.82958429
2019/2/12,40.69143857
2019/2/13,41.08063714
2019/2/14,39.06487714
2019/2/15,34.01885143
2019/2/16,33.21490429
2019/2/17,36.92819286
2019/2/18,37.81359
2019/2/19,36.49523857
2019/2/20,41.92129286
2019/2/21,43.1067
2019/2/22,44.22465571
2019/2/23,43.91179429
2019/2/24,47.05922143
2019/2/25,40.93790143
2019/2/26,40.49708
2019/2/27,43.17396429
2019/2/28,41.86419286
2019/3/1,42.35358429
2019/3/2,45.78611286
2019/3/3,44.14178429
2019/3/4,45.99997286
2019/3/5,46.93863429
2019/3/6,48.15497857
2019/3/7,48.03821429
2019/3/8,49.81458571
2019/3/9,49.34922429
2019/3/10,49.46174429
2019/3/11,49.27943714
2019/3/12,46.86472429
2019/3/13,47.36670143
2019/3/14,49.04043143
2019/3/15,48.45195
2019/3/16,51.26199857
2019/3/17,48.04819571
2019/3/18,48.40709286
2019/3/19,55.61241571
2019/3/20,49.52102571
2019/3/21,45.59631714
2019/3/22,46.42917143
2019/3/23,48.26851429
2019/3/24,52.34241857
2019/3/25,51.09912857
2019/3/26,55.09005571
2019/3/27,55.97994286
2019/3/28,54.77682
2019/3/29,52.48071714
2019/3/30,47.43370429
2019/3/31,50.53423
2019/4/1,54.86030429
2019/4/2,56.20166571
2019/4/3,57.66680286
2019/4/4,60.43920857
2019/4/5,59.62270429
2019/4/6,60.54380143
2019/4/7,60.37873143
2019/4/8,58.30252286
2019/4/9,51.86003857
2019/4/10,54.19468286
2019/4/11,52.91046429
2019/4/12,56.91586143
2019/4/13,57.98572
2019/4/14,55.10794833
2019/4/15,57.76881143
2019/4/16,59.35462143
2019/4/17,67.22156429
2019/4/18,65.95400714
2019/4/19,64.88265286
2019/4/20,62.58092286
2019/4/21,61.53999429
2019/4/22,65.18382857
2019/4/23,67.04520571
2019/4/24,64.67326714
2019/4/25,63.57118
2019/4/26,63.44378571
2019/4/27,56.41334429
2019/4/28,58.65730143
2019/4/29,59.49381143
2019/4/30,56.60745429
2019/5/1,60.81656429
2019/5/2,62.56443714
2019/5/3,63.80330429
2019/5/4,64.43291143
2019/5/5,60.34289429
2019/5/6,53.82375
2019/5/7,51.29204571
2019/5/8,52.22272714
2019/5/9,53.43290429
2019/5/10,57.65435286
2019/5/11,61.59097857
2019/5/12,54.19014
2019/5/13,59.19151571
2019/5/14,63.99626429
2019/5/15,64.31981286
2019/5/16,66.23451429
2019/5/17,68.23477714
2019/5/18,63.80827429
2019/5/19,56.91131857
2019/5/20,58.27929143
2019/5/21,60.95532714
2019/5/22,63.33618143
2019/5/23,70.10338857
2019/5/24,70.15205571
2019/5/25,66.40945714
2019/5/26,61.04821571
2019/5/27,58.55622429
2019/5/28,60.82483286
2019/5/29,60.92303857
2019/5/30,64.59257571
2019/5/31,61.76937
2019/6/1,64.52033857
2019/6/2,68.46334286
2019/6/3,67.51108571
2019/6/4,67.61216143
2019/6/5,67.75958286
2019/6/6,72.26494714
2019/6/7,69.13702
2019/6/8,67.19089143
2019/6/9,71.16431714
2019/6/10,71.07885286
2019/6/11,72.45321429
2019/6/12,69.33618286
2019/6/13,68.80460429
2019/6/14,68.20009
2019/6/15,65.44572
2019/6/16,66.89496857
2019/6/17,71.28808286
2019/6/18,70.27577429
2019/6/19,66.38873714
2019/6/20,64.97575
2019/6/21,65.59280286
2019/6/22,67.22407429
2019/6/23,69.75335286
2019/6/24,72.81265286
2019/6/25,71.52540571
2019/6/26,64.24563857
2019/6/27,60.35958571
2019/6/28,66.49623571
2019/6/29,68.40920429
2019/6/30,68.78426857
2019/7/1,70.57440143
2019/7/2,72.74847
2019/7/3,71.73807571
2019/7/4,74.01324857
2019/7/5,71.57924286
2019/7/6,66.22230143
2019/7/7,67.64050143
2019/7/8,61.85161143
2019/7/9,64.91040714
2019/7/10,67.67037
2019/7/11,68.83395143
2019/7/12,71.37404714
2019/7/13,72.11826857
2019/7/14,69.59659286
2019/7/15,68.69370714
2019/7/16,69.46216286
2019/7/17,72.31050286
2019/7/18,73.74211857
2019/7/19,71.10624286
2019/7/20,73.47150714
2019/7/21,69.19237429
2019/7/22,69.79520714
2019/7/23,70.61700429
2019/7/24,71.23193
2019/7/25,73.81659143
2019/7/26,76.29926571
2019/7/27,73.92984286
2019/7/28,71.43027286
2019/7/29,71.25260286
2019/7/30,73.18858857
2019/7/31,72.79419143
2019/8/1,73.05755714
2019/8/2,72.90449429
2019/8/3,67.53824429
2019/8/4,70.53697571
2019/8/5,72.88750714
2019/8/6,74.43017
2019/8/7,74.08716714
2019/8/8,69.59431286
2019/8/9,69.29002714
2019/8/10,70.45332
2019/8/11,69.23422286
2019/8/12,69.36168429
2019/8/13,67.91178714
2019/8/14,69.29699714
2019/8/15,70.89777571
2019/8/16,66.01871429
2019/8/17,66.76932
2019/8/18,72.57577143
2019/8/19,74.94340429
2019/8/20,65.09281571
2019/8/21,65.72971714
2019/8/22,66.13557143
2019/8/23,62.48451714
2019/8/24,65.57495429
2019/8/25,68.77022286
2019/8/26,69.42725286
2019/8/27,67.76313429
2019/8/28,68.83080857
2019/8/29,66.64987429
2019/8/30,65.92450714
2019/8/31,66.72015
2019/9/1,67.10012286
2019/9/2,68.35892571
2019/9/3,68.44478714
2019/9/4,69.46483143
2019/9/5,69.07253571
2019/9/6,70.71389714
2019/9/7,72.66957143
2019/9/8,69.58722571
2019/9/9,62.66587857
2019/9/10,63.16600857
2019/9/11,70.49076286
2019/9/12,60.60795143
2019/9/13,59.79003286
2019/9/14,58.61568143
2019/9/15,62.62950857
2019/9/16,61.72488286
2019/9/17,65.19521429
2019/9/18,63.74340714
2019/9/19,58.38785286
2019/9/20,60.65201
2019/9/21,59.26820857
2019/9/22,59.62745857
2019/9/23,61.88675429
2019/9/24,60.68248143
2019/9/25,61.74865857
2019/9/26,62.68790429
2019/9/27,62.88412
2019/9/28,61.97730714
2019/9/29,67.01311143
2019/9/30,68.45422143
2019/10/1,69.37064
2019/10/2,66.35074
2019/10/3,62.61957857
2019/10/4,52.53025857
2019/10/5,54.06529
2019/10/6,50.38334
2019/10/7,52.93603429
2019/10/8,55.18248857
2019/10/9,56.98478
2019/10/10,56.38971143
2019/10/11,54.05982714
2019/10/12,57.66947286
2019/10/13,52.87133
2019/10/14,46.76468714
2019/10/15,39.91207429
2019/10/16,47.47091143
2019/10/17,49.37399
2019/10/18,51.45471
2019/10/19,52.34482571
2019/10/20,52.40460571
2019/10/21,53.09712714
2019/10/22,55.43976286
2019/10/23,52.33119571
2019/10/24,47.85066571
2019/10/25,43.06305143
2019/10/26,46.28908286
2019/10/27,48.16606857
2019/10/28,52.27093571
2019/10/29,48.63049714
2019/10/30,51.48076286
2019/10/31,47.56024143
2019/11/1,53.20391571
2019/11/2,48.95500143
2019/11/3,47.70411143
2019/11/4,48.89852429
2019/11/5,48.59224143
2019/11/6,51.43420429
2019/11/7,50.86327
2019/11/8,49.21509429
2019/11/9,48.98274857
2019/11/10,49.68454
2019/11/11,45.55795429
2019/11/12,44.77242857
2019/11/13,44.50385571
2019/11/14,44.45290286
2019/11/15,46.08928857
2019/11/16,44.82226429
2019/11/17,42.00160571
2019/11/18,39.67986857
2019/11/19,40.51770286
2019/11/20,41.20063429
2019/11/21,39.66437571
2019/11/22,48.44227429
2019/11/23,42.86062714
2019/11/24,41.36583429
2019/11/25,37.05419714
2019/11/26,39.89284714
2019/11/27,39.51308857
2019/11/28,39.23385143
2019/11/29,42.62567714
2019/11/30,36.36686714
2019/12/1,39.31582286
2019/12/2,37.23474286
2019/12/3,38.38679286
2019/12/4,41.94562571
2019/12/5,36.15891143
2019/12/6,35.09548571
2019/12/7,36.44611571
2019/12/8,44.05874857
2019/12/9,45.71053429
2019/12/10,43.15808429
2019/12/11,38.21987143
2019/12/12,38.21842286
2019/12/13,37.45443857
2019/12/14,41.56499
2019/12/15,38.99043857
2019/12/16,38.57455286
2019/12/17,36.41056714
2019/12/18,37.66443714
2019/12/19,33.14538714
2019/12/20,32.19617429
2019/12/21,35.03624
2019/12/22,34.85539143
2019/12/23,33.51487
2019/12/24,36.08446714
2019/12/25,35.11900667
2019/12/26,36.54057714
2019/12/27,40.74329
2019/12/28,36.66600714
2019/12/29,39.45437571
2019/12/30,29.56737714
2019/12/31,31.25028143
2020/1/1,35.69546714
2020/1/2,36.57554857
2020/1/3,34.30873286
2020/1/4,35.28878429
2020/1/5,38.12089571
2020/1/6,33.76916143
2020/1/7,30.07636571
2020/1/8,31.31355714
2020/1/9,28.81658
2020/1/10,27.58102857
2020/1/11,24.24689429
2020/1/12,25.99729857
2020/1/13,25.86003286
2020/1/14,26.48807857
2020/1/15,26.81423143
2020/1/16,26.20039
2020/1/17,29.40013714
2020/1/18,33.55446286
2020/1/19,33.47130857
2020/1/20,32.10910571
2020/1/21,34.43828857
2020/1/22,35.06229714
2020/1/23,34.68588
2020/1/24,33.0108
2020/1/25,32.82914571
2020/1/26,37.08011429
2020/1/27,35.68257143
2020/1/28,35.18927
2020/1/29,35.66822571
2020/1/30,36.78280286
2020/1/31,37.98666
2020/2/1,42.52106
2020/2/2,38.80417429
2020/2/3,39.54020286
2020/2/4,40.77590143
2020/2/5,38.97920286
2020/2/6,37.96632429
2020/2/7,38.88215571
2020/2/8,41.87456857
2020/2/9,40.38117429
2020/2/10,42.49119571
2020/2/11,44.88082571
2020/2/12,44.23558286
2020/2/13,45.79645857
2020/2/14,35.92666571
2020/2/15,31.18873571
2020/2/16,35.56472429
2020/2/17,38.74426286
2020/2/18,43.45284429
2020/2/19,42.44935143
2020/2/20,43.96229571
2020/2/21,44.40205429
2020/2/22,43.77183429
2020/2/23,51.89155143
2020/2/24,53.00162286
2020/2/25,48.26855143
2020/2/26,49.03096286
2020/2/27,48.70482
2020/2/28,48.54823714
2020/2/29,51.10939286
2020/3/1,48.49874429
2020/3/2,47.71208571
2020/3/3,45.03664857
2020/3/4,44.66738571
2020/3/5,49.64242143
2020/3/6,51.20391286
2020/3/7,50.77523143
2020/3/8,50.82350857
2020/3/9,44.63789857
2020/3/10,45.42479714
2020/3/11,47.44448429
2020/3/12,50.07060143
2020/3/13,45.72636
2020/3/14,46.64256286
2020/3/15,49.04523857
2020/3/16,54.02096857
2020/3/17,52.84026714
2020/3/18,54.20922714
2020/3/19,52.67005429
2020/3/20,56.87004143
2020/3/21,58.33926714
2020/3/22,57.05105429
2020/3/23,58.25550714
2020/3/24,53.21430833
2020/3/25,52.62758143
2020/3/26,47.55937
2020/3/27,48.69632857
2020/3/28,52.43079714
2020/3/29,53.01442714
2020/3/30,55.09151571
2020/3/31,51.70105143
2020/4/1,49.29224857
2020/4/2,51.17131857
2020/4/3,52.32962571
2020/4/4,54.28056
2020/4/5,57.37918571
2020/4/6,57.89082
2020/4/7,59.08021
2020/4/8,56.94300143
2020/4/9,58.97393714
2020/4/10,55.32003143
2020/4/11,51.20093143
2020/4/12,52.54008429
2020/4/13,58.12316857
2020/4/14,58.56944
2020/4/15,59.27413143
2020/4/16,57.78337143
2020/4/17,56.01535857
2020/4/18,56.34393857
2020/4/19,56.90524286
2020/4/20,54.02202143
2020/4/21,54.52144571
2020/4/22,53.42753
2020/4/23,53.22698571
2020/4/24,53.89969143
2020/4/25,58.17940714
2020/4/26,60.61981
2020/4/27,61.63844714
2020/4/28,62.81851143
2020/4/29,65.31051857
2020/4/30,65.05702286
2020/5/1,64.35801
2020/5/2,70.44424571
2020/5/3,66.60249286
2020/5/4,62.34631714
2020/5/5,65.08847429
2020/5/6,64.07342286
2020/5/7,62.30293143
2020/5/8,55.67949143
2020/5/9,60.36624429
2020/5/10,57.07577286
2020/5/11,56.99105571
2020/5/12,59.71078143
2020/5/13,63.80462429
2020/5/14,64.07383143
2020/5/15,66.18297571
2020/5/16,66.57014571
2020/5/17,63.29554857
2020/5/18,60.52901143
2020/5/19,64.14487143
2020/5/20,67.16647714
2020/5/21,68.64663857
2020/5/22,65.77541429
2020/5/23,62.49240143
2020/5/24,63.04301857
2020/5/25,62.41206857
2020/5/26,62.34280857
2020/5/27,64.13269286
2020/5/28,65.00824714
2020/5/29,66.30475714
2020/5/30,64.47722286
2020/5/31,63.24637429
2020/6/1,66.56873286
2020/6/2,64.87241714
2020/6/3,67.81890143
2020/6/4,69.10480429
2020/6/5,71.28930429
2020/6/6,71.97555571
2020/6/7,70.09798571
2020/6/8,60.78808143
2020/6/9,65.58768143
2020/6/10,68.74381286
2020/6/11,66.82870143
2020/6/12,71.10997714
2020/6/13,68.35560143
2020/6/14,67.29069
2020/6/15,67.70086857
2020/6/16,66.41073714
2020/6/17,66.56707429
2020/6/18,69.49223571
2020/6/19,73.24341571
2020/6/20,73.80127429
2020/6/21,70.54656143
2020/6/22,63.98537
2020/6/23,68.73494571
2020/6/24,70.39904857
2020/6/25,67.67717143
2020/6/26,69.26013286
2020/6/27,70.03156571
2020/6/28,70.62306286
2020/6/29,70.73074571
2020/6/30,70.38836143
2020/7/1,70.42532714
2020/7/2,71.42307286
2020/7/3,67.29185143
2020/7/4,68.55811429
2020/7/5,71.68402714
2020/7/6,74.40399571
2020/7/7,73.38968286
2020/7/8,74.59136714
2020/7/9,70.83184
2020/7/10,72.38846429
2020/7/11,69.42853
2020/7/12,68.64005143
2020/7/13,71.03531857
2020/7/14,71.86384429
2020/7/15,71.57491429
2020/7/16,72.16796857
2020/7/17,71.90230714
2020/7/18,67.91039
2020/7/19,68.26456
2020/7/20,72.62833286
2020/7/21,72.02751857
2020/7/22,73.54815857
2020/7/23,72.36091571
2020/7/24,71.98804714
2020/7/25,71.24316714
2020/7/26,71.96976143
2020/7/27,71.91098571
2020/7/28,73.28574143
2020/7/29,74.92540857
2020/7/30,72.88292
2020/7/31,73.69822286
2020/8/1,74.23937
2020/8/2,72.13524857
2020/8/3,72.24132571
2020/8/4,71.57434143
2020/8/5,70.79799714
2020/8/6,72.77135857
2020/8/7,74.49524571
2020/8/8,72.10957857
2020/8/9,71.42012286
2020/8/10,72.80901857
2020/8/11,73.86999429
2020/8/12,66.49929
2020/8/13,69.78522714
2020/8/14,70.47140571
2020/8/15,67.65948286
2020/8/16,67.05551143
2020/8/17,61.75006714
2020/8/18,63.20864857
2020/8/19,65.72866571
2020/8/20,68.20573286
2020/8/21,70.98410286
2020/8/22,72.59749143
2020/8/23,64.68758286
2020/8/24,66.56931286
2020/8/25,69.28997429
2020/8/26,68.74855286
2020/8/27,69.31930714
2020/8/28,68.71848571
2020/8/29,63.01967143
2020/8/30,59.70046143
2020/8/31,62.16276143
2020/9/1,60.88239571
2020/9/2,61.51520286
2020/9/3,61.83108571
2020/9/4,63.85617571
2020/9/5,66.04662571
2020/9/6,66.41208143
2020/9/7,65.75360857
2020/9/8,67.30273857
2020/9/9,63.82865143
2020/9/10,64.29812857
2020/9/11,65.07210143
2020/9/12,66.52620857
2020/9/13,61.67396714
2020/9/14,60.31664286
2020/9/15,61.03668286
2020/9/16,57.81824714
2020/9/17,60.34611143
2020/9/18,64.32488571
2020/9/19,65.68385714
2020/9/20,63.43215286
2020/9/21,60.45631286
2020/9/22,57.91210714
2020/9/23,57.30381286
2020/9/24,57.15647
2020/9/25,62.24954143
2020/9/26,62.97230714
2020/9/27,65.18653857
2020/9/28,62.53742286
2020/9/29,60.74053857
2020/9/30,56.34910143
2020/10/1,56.47467857
2020/10/2,55.59689286
2020/10/3,57.79374571
2020/10/4,49.36690571
2020/10/5,53.18835857
2020/10/6,53.34064571
2020/10/7,56.92411429
2020/10/8,59.78238
2020/10/9,56.27302429
2020/10/10,57.83217286
2020/10/11,54.83250857
2020/10/12,52.31695143
2020/10/13,50.97555857
2020/10/14,50.20259143
2020/10/15,49.83468143
2020/10/16,50.74149571
2020/10/17,48.35071714
2020/10/18,53.29415143
2020/10/19,48.74082857
2020/10/20,54.21119429
2020/10/21,51.68570143
2020/10/22,49.98659571
2020/10/23,52.29685714
2020/10/24,54.61021571
2020/10/25,53.96803571
2020/10/26,52.46675429
2020/10/27,50.33595429
2020/10/28,50.18852571
2020/10/29,48.96316429
2020/10/30,50.61503857
2020/10/31,49.75112
2020/11/1,49.55801143
2020/11/2,47.76421286
2020/11/3,47.38204714
2020/11/4,48.48709571
2020/11/5,51.39521714
2020/11/6,50.03890429
2020/11/7,49.65919714
2020/11/8,46.84374286
2020/11/9,47.21188857
2020/11/10,47.37544286
2020/11/11,49.50333714
2020/11/12,48.02270429
2020/11/13,52.30560857
2020/11/14,49.01825429
2020/11/15,49.93966286
2020/11/16,52.59775857
2020/11/17,49.92368429
2020/11/18,44.55435286
2020/11/19,38.56911714
2020/11/20,35.20529429
2020/11/21,34.37375286
2020/11/22,29.61690714
2020/11/23,28.40722714
2020/11/24,29.33377429
2020/11/25,35.17624143
2020/11/26,34.28166714
2020/11/27,30.72290143
2020/11/28,37.04515857
2020/11/29,36.86449429
2020/11/30,32.36519286
2020/12/1,31.32186143
2020/12/2,28.10492429
2020/12/3,23.20097571
2020/12/4,25.85799571
2020/12/5,25.93937429
2020/12/6,27.87555429
2020/12/7,27.60172286
2020/12/8,28.02818143
2020/12/9,33.44899857
2020/12/10,32.25958714
2020/12/11,36.36965429
2020/12/12,36.92032
2020/12/13,33.09684571
2020/12/14,26.78662143
2020/12/15,32.04474286
2020/12/16,31.78745429
2020/12/17,36.86238
2020/12/18,33.22578143
2020/12/19,32.83912714
2020/12/20,31.53424571
2020/12/21,31.50055
2020/12/22,30.04275286
2020/12/23,31.86795857
2020/12/24,35.61663286
2020/12/25,31.84261429
2020/12/26,37.30990857
2020/12/27,35.58022571
2020/12/28,35.89322714
2020/12/29,27.48641429
2020/12/30,24.75447286
2020/12/31,26.12241143
2021/1/1,33.42424857
2021/1/2,30.30585286
2021/1/3,31.65916143
2021/1/4,29.12099429
2021/1/5,27.38179
2021/1/6,26.33415
2021/1/7,24.70426429
2021/1/8,27.50835429
2021/1/9,27.73228857
2021/1/10,31.04234571
2021/1/11,38.37588286
2021/1/12,44.13124714
2021/1/13,45.91567
2021/1/14,43.85529286
2021/1/15,34.50447
2021/1/16,30.59480714
2021/1/17,37.18660143
2021/1/18,41.19475286
2021/1/19,40.64858143
2021/1/20,38.04692571
2021/1/21,39.94591143
2021/1/22,38.50115714
2021/1/23,35.11978167
2021/1/24,36.26413429
2021/1/25,35.29578
2021/1/26,35.64180143
2021/1/27,35.93042714
2021/1/28,35.98388
2021/1/29,37.80764429
2021/1/30,39.42000857
2021/1/31,40.27611714
2021/2/1,41.35544286
2021/2/2,36.57708429
2021/2/3,42.66993
2021/2/4,44.64749714
2021/2/5,45.55433571
2021/2/6,44.84266143
2021/2/7,42.49628714
2021/2/8,43.60095714
2021/2/9,43.14437857
2021/2/10,45.96080286
2021/2/11,50.42351429
2021/2/12,45.72169857
2021/2/13,51.07425857
2021/2/14,44.78883286
2021/2/15,43.76504286
2021/2/16,45.93169286
2021/2/17,44.80981
2021/2/18,46.94847143
2021/2/19,48.64719167
2021/2/20,48.15245833
2021/2/21,52.88259333
2021/2/22,50.27362429
2021/2/23,49.77518714
2021/2/24,47.5316
2021/2/25,46.51729
2021/2/26,47.46187714
2021/2/27,42.85388714
2021/2/28,33.05450571
2021/3/1,34.65216571
2021/3/2,43.64077857
2021/3/3,46.83069857
2021/3/4,46.47794429
2021/3/5,48.84307571
2021/3/6,47.96366286
2021/3/7,48.80095286
2021/3/8,51.75076286
2021/3/9,52.74565143
2021/3/10,53.62516286
2021/3/11,54.70081
2021/3/12,51.46839571
2021/3/13,56.63351
2021/3/14,58.67568857
2021/3/15,49.52712143
2021/3/16,50.33974429
2021/3/17,47.73355857
2021/3/18,47.93630429
2021/3/19,45.03287429
2021/3/20,45.38193143
2021/3/21,43.57267571
2021/3/22,47.33269143
2021/3/23,54.98672286
2021/3/24,55.18282429
2021/3/25,55.71379
2021/3/26,57.38591571
2021/3/27,54.19458429
2021/3/28,54.87217571
2021/3/29,55.80532143
2021/3/30,53.99352
2021/3/31,45.00039
2021/4/1,49.59309714
2021/4/2,46.29305714
2021/4/3,50.73262429
2021/4/4,51.01853286
2021/4/5,56.29065
2021/4/6,55.48489286
2021/4/7,54.22796286
2021/4/8,56.38805286
2021/4/9,55.40705571
2021/4/10,55.85456286
2021/4/11,56.62231571
2021/4/12,54.48896857
2021/4/13,43.74436286
2021/4/14,52.15971857
2021/4/15,56.11584571
2021/4/16,52.92028857
2021/4/17,52.72679714
2021/4/18,57.85721143
2021/4/19,58.90793
2021/4/20,61.22324571
2021/4/21,61.99116857
2021/4/22,63.01099429
2021/4/23,59.21592571
2021/4/24,48.57081
2021/4/25,50.20358857
2021/4/26,52.42719143
2021/4/27,53.38342
2021/4/28,55.25675857
2021/4/29,63.62654143
2021/4/30,62.85585857
2021/5/1,62.41511571
2021/5/2,64.19205857
2021/5/3,58.86394143
2021/5/4,57.06077
2021/5/5,58.14063143
2021/5/6,61.57458714
2021/5/7,59.99560714
2021/5/8,65.2516
2021/5/9,65.88748429
2021/5/10,65.21670714
2021/5/11,67.59277
2021/5/12,69.61170571
2021/5/13,70.96884286
2021/5/14,59.13256429
2021/5/15,54.72308714
2021/5/16,54.10270571
2021/5/17,58.40741714
2021/5/18,61.70489429
2021/5/19,62.36006857
2021/5/20,63.83686286
2021/5/21,67.68273143
2021/5/22,60.92199571
2021/5/23,58.70277429
2021/5/24,61.62917429
2021/5/25,62.55772857
2021/5/26,65.04789143
2021/5/27,66.79078
2021/5/28,65.09099714
2021/5/29,69.65808714
2021/5/30,69.88725571
2021/5/31,67.22973857
2021/6/1,67.44384429
2021/6/2,64.9931
2021/6/3,63.62972143
2021/6/4,64.37866857
2021/6/5,66.86564286
2021/6/6,70.13553286
2021/6/7,70.69099333
2021/6/8,69.12289286
2021/6/9,63.48268571
2021/6/10,65.47514857
2021/6/11,66.73790714
2021/6/12,71.54020286
2021/6/13,72.56253143
2021/6/14,66.41857286
2021/6/15,67.09692857
2021/6/16,61.17272286
2021/6/17,64.84088429
2021/6/18,68.56341714
2021/6/19,69.99738286
2021/6/20,71.34392429
2021/6/21,71.18611429
2021/6/22,70.39757429
2021/6/23,74.57648143
2021/6/24,70.09074286
2021/6/25,70.38697857
2021/6/26,73.39578143
2021/6/27,74.74632
2021/6/28,72.82795714
2021/6/29,73.00205429
2021/6/30,71.38688857
2021/7/1,72.03504714
2021/7/2,68.80414143
2021/7/3,70.70846857
2021/7/4,73.83846857
2021/7/5,72.49419286
2021/7/6,70.26485143
2021/7/7,72.61710714
2021/7/8,72.43139
2021/7/9,74.45954429
2021/7/10,76.51043429
2021/7/11,74.33061286
2021/7/12,74.47839571
2021/7/13,75.64620143
2021/7/14,76.05769286
2021/7/15,73.82454
2021/7/16,77.09284571
2021/7/17,76.90119714
2021/7/18,75.61120714
2021/7/19,76.75094857
2021/7/20,75.94101714
2021/7/21,75.88699429
2021/7/22,76.29823714
2021/7/23,76.88956714
2021/7/24,76.54200857
2021/7/25,72.77799286
2021/7/26,73.21517714
2021/7/27,70.39778429
2021/7/28,71.16507429
2021/7/29,72.80471571
2021/7/30,72.71161571
2021/7/31,73.88123286
2021/8/1,71.38407286
2021/8/2,72.21285714
2021/8/3,67.67700429
2021/8/4,69.19792
2021/8/5,70.11836286
2021/8/6,68.50890429
2021/8/7,71.52607286
2021/8/8,70.75452571
2021/8/9,69.63386714
2021/8/10,69.16672571
2021/8/11,69.46739429
2021/8/12,69.16693
2021/8/13,70.99176571
2021/8/14,72.80636286
2021/8/15,72.79574714
2021/8/16,72.89584857
2021/8/17,73.85612286
2021/8/18,71.48628286
2021/8/19,68.37594429
2021/8/20,70.90663429
2021/8/21,66.75492857
2021/8/22,68.35422571
2021/8/23,67.69459286
2021/8/24,64.02343857
2021/8/25,63.79851286
2021/8/26,65.82086286
2021/8/27,65.00743
2021/8/28,66.7039
2021/8/29,68.60464571
2021/8/30,66.88199
2021/8/31,66.33159143
2021/9/1,69.31302143
2021/9/2,70.47706857
2021/9/3,66.58451857
2021/9/4,66.37329429
2021/9/5,61.28362714
2021/9/6,61.90568429
2021/9/7,62.30368714
2021/9/8,65.03827714
2021/9/9,66.51569143
2021/9/10,66.60177857
2021/9/11,71.67703857
2021/9/12,72.69703571
2021/9/13,70.87278
2021/9/14,66.04772143
2021/9/15,62.47261714
2021/9/16,64.84960714
2021/9/17,65.17547714
2021/9/18,65.813475
2021/9/19,63.27282429
2021/9/20,63.70883
2021/9/21,63.43531571
2021/9/22,63.21151571
2021/9/23,61.74495
2021/9/24,64.55630714
2021/9/25,65.09907429
2021/9/26,64.43028714
2021/9/27,62.53987571
2021/9/28,64.00595429
2021/9/29,62.47024714
2021/9/30,63.66867143
2021/10/1,62.21733143
2021/10/2,67.114392
2021/10/3,62.16091
2021/10/4,53.42815571
2021/10/5,49.18832857
2021/10/6,54.00300429
2021/10/7,57.18133143
2021/10/8,57.78503
2021/10/9,49.59423714
2021/10/10,51.21132
2021/10/11,51.11188714
2021/10/12,53.03872714
2021/10/13,54.49323714
2021/10/14,53.76095167
2021/10/15,53.12401286
2021/10/16,52.28705571
2021/10/17,52.89918
2021/10/18,52.95042667
2021/10/19,48.54986286
2021/10/20,50.48539143
2021/10/21,46.30545429
2021/10/22,50.84905429
2021/10/23,50.71667286
2021/10/24,49.8115
2021/10/25,51.05831857
2021/10/26,52.87750667
2021/10/27,53.53171
2021/10/28,50.08014571
2021/10/29,51.381275
2021/10/30,50.13250143
2021/10/31,48.58575571
2021/11/1,43.22579714
2021/11/2,41.82240429
2021/11/3,47.30550429
2021/11/4,52.48863571
2021/11/5,50.05101429
2021/11/6,32.76703286
2021/11/7,35.14667
2021/11/8,37.18524714
2021/11/9,40.91745286
2021/11/10,42.62778
2021/11/11,43.16166714
2021/11/12,41.98015429
2021/11/13,45.29323714
2021/11/14,44.17673714
2021/11/15,43.91189429
2021/11/16,43.10638714
2021/11/17,46.69499429
2021/11/18,49.78434857
2021/11/19,44.93865
2021/11/20,42.18781571
2021/11/21,39.20311857
2021/11/22,36.26946714
2021/11/23,41.87641571
2021/11/24,43.92479143
2021/11/25,43.49785
2021/11/26,42.10091857
2021/11/27,44.84137714
2021/11/28,41.45626
2021/11/29,41.91718429
2021/11/30,39.37829
2021/12/1,38.08945857
2021/12/2,40.73958429
2021/12/3,39.39892714
2021/12/4,40.51014571
2021/12/5,39.36801571
2021/12/6,41.62536
2021/12/7,43.10339714
2021/12/8,40.32691714
2021/12/9,42.00450429
2021/12/10,44.05343143
2021/12/11,39.56657857
2021/12/12,34.16390429
2021/12/13,35.83373143
2021/12/14,37.65740429
2021/12/15,39.90215571
2021/12/16,36.46823143
2021/12/17,33.81937286
2021/12/18,39.34747571
2021/12/19,39.39326714
2021/12/20,40.60610714
2021/12/21,39.74446857
2021/12/22,41.79944
2021/12/23,40.43406286
2021/12/24,31.67249571
2021/12/25,31.74563857
2021/12/26,27.00994857
2021/12/27,28.16970286
2021/12/28,28.93148429
2021/12/29,30.99862429
2021/12/30,34.64625143
2021/12/31,36.34867286
2022/1/1,37.93208
2022/1/2,35.81564
2022/1/3,32.99319143
2022/1/4,32.87500857
2022/1/5,34.82990857
2022/1/6,32.68276429
2022/1/7,28.55462286
2022/1/8,35.21140429
2022/1/9,31.44942429
2022/1/10,35.80881143
2022/1/11,31.7037
2022/1/12,34.91986714
2022/1/13,29.66466571
2022/1/14,38.12831
2022/1/15,38.96879833
2022/1/16,40.04220286
2022/1/17,36.39306286
2022/1/18,37.27594571
2022/1/19,38.89992571
2022/1/20,40.89669857
2022/1/21,36.34579429
2022/1/22,32.99003571
2022/1/23,34.9633
2022/1/24,34.22919143
2022/1/25,32.06526857
2022/1/26,30.51385429
2022/1/27,29.54682857
2022/1/28,29.77669286
2022/1/29,29.87301
2022/1/30,35.91598143
2022/1/31,30.24681
2022/2/1,34.72665286
2022/2/2,34.11835143
2022/2/3,37.61024714
2022/2/4,33.78315429
2022/2/5,33.87782
2022/2/6,27.56655
2022/2/7,26.81533714
2022/2/8,25.36101429
2022/2/9,27.40950714
2022/2/10,32.06618143
2022/2/11,39.48880857
2022/2/12,41.15766714
2022/2/13,40.30325143
2022/2/14,37.23041571
2022/2/15,38.88389857
2022/2/16,37.78358857
2022/2/17,32.17975143
2022/2/18,33.45545
2022/2/19,33.58670571
2022/2/20,33.47726286
2022/2/21,37.72738143
2022/2/22,37.71463857
2022/2/23,40.72452143
2022/2/24,38.75651286
2022/2/25,41.95728857
2022/2/26,45.71347571
2022/2/27,44.24065143
2022/2/28,44.63213571
2022/3/1,42.05341571
2022/3/2,47.32422286
2022/3/3,49.01712714
2022/3/4,50.92352
2022/3/5,45.80237
2022/3/6,50.79298143
2022/3/7,49.09952286
2022/3/8,50.00596
2022/3/9,54.5521
2022/3/10,55.68755714
2022/3/11,57.13994
2022/3/12,57.44350143
2022/3/13,55.90191429
2022/3/14,57.09544571
2022/3/15,60.47211714
2022/3/16,55.77612143
2022/3/17,53.54374143
2022/3/18,55.14947714
2022/3/19,48.11003571
2022/3/20,54.05045571
2022/3/21,54.43714286
2022/3/22,53.62497571
2022/3/23,57.40093143
2022/3/24,55.72402571
2022/3/25,51.85001571
2022/3/26,49.09575714
2022/3/27,50.11775857
2022/3/28,57.42465714
2022/3/29,56.03390571
2022/3/30,55.41571286
2022/3/31,53.65181571
2022/4/1,53.56711714
2022/4/2,51.31037857
2022/4/3,55.36680571
2022/4/4,57.35714571
2022/4/5,58.01047714
2022/4/6,58.74699
2022/4/7,57.76985143
2022/4/8,60.26736
2022/4/9,62.62121286
2022/4/10,62.93844429
2022/4/11,58.10357
2022/4/12,55.75697857
2022/4/13,54.41855143
2022/4/14,52.20574143
2022/4/15,50.94226286
2022/4/16,52.35176857
2022/4/17,50.07662286
2022/4/18,52.27589286
2022/4/19,53.24343286
2022/4/20,60.60783333
2022/4/21,60.46106143
2022/4/22,61.41249714
2022/4/23,65.61935571
2022/4/24,64.48893714
2022/4/25,66.70142
2022/4/26,60.66937
2022/4/27,53.6111
2022/4/28,54.00789857
2022/4/29,55.63864571
2022/4/30,53.29206143
2022/5/1,55.41147857
2022/5/2,58.14650429
2022/5/3,62.71932
2022/5/4,67.53346
2022/5/5,71.21679143
2022/5/6,64.03207286
2022/5/7,65.633705
2022/5/8,56.55672429
2022/5/9,57.53089571
2022/5/10,64.23711286
2022/5/11,63.19306857
2022/5/12,54.18074143
2022/5/13,51.98371857
2022/5/14,55.25809143
2022/5/15,56.81735286
2022/5/16,59.29356429
2022/5/17,61.60610286
2022/5/18,65.09063429
2022/5/19,63.01608714
2022/5/20,65.26542
2022/5/21,68.36450429
2022/5/22,68.73887857
2022/5/23,68.1377
2022/5/24,69.00046
2022/5/25,67.90654857
2022/5/26,65.80210429
2022/5/27,67.59757571
2022/5/28,70.70952429
2022/5/29,66.98349
2022/5/30,64.77804571
2022/5/31,69.64911714
2022/6/1,69.26285571
2022/6/2,72.54862714
2022/6/3,64.75492857
2022/6/4,65.61010286
2022/6/5,67.23806714
2022/6/6,67.95889143
2022/6/7,69.57469286
2022/6/8,68.71231
2022/6/9,68.94783143
2022/6/10,70.00645429
2022/6/11,67.48194429
2022/6/12,65.89629286
2022/6/13,66.86417571
2022/6/14,68.69864857
2022/6/15,69.99047143
2022/6/16,73.77053857
2022/6/17,73.28354429
2022/6/18,74.32977
2022/6/19,73.66252
2022/6/20,73.89856286
2022/6/21,69.62724714
2022/6/22,70.03705857
2022/6/23,71.64911429
2022/6/24,73.98528857
2022/6/25,75.99449
2022/6/26,68.94192286
2022/6/27,70.63448571
2022/6/28,69.87923286
2022/6/29,70.33205857
2022/6/30,71.43081
2022/7/1,72.24685
2022/7/2,71.07553714
2022/7/3,74.23762714
2022/7/4,73.94672857
2022/7/5,73.31363857
2022/7/6,74.87572857
2022/7/7,76.67006286
2022/7/8,73.49827571
2022/7/9,74.71783429
2022/7/10,72.93088429
2022/7/11,71.28218143
2022/7/12,72.94262429
2022/7/13,74.30360571
2022/7/14,74.18440286
2022/7/15,71.91779429
2022/7/16,68.86157857
2022/7/17,70.69858571
2022/7/18,70.77886429
2022/7/19,69.56778571
2022/7/20,70.25024286
2022/7/21,66.66647429
2022/7/22,66.22420429
2022/7/23,70.17857
2022/7/24,72.90553571
2022/7/25,73.62453571
2022/7/26,74.49477286
2022/7/27,69.77271571
2022/7/28,73.20821571
2022/7/29,74.38558857
2022/7/30,76.99596143
2022/7/31,76.27615143
2022/8/1,77.23443571
